Item Name,Quantity,Unit Price (USD),Total Price (USD),Purpose,Item Link
24V 10A Metal case Adapter - LED Driver,1,16.50,16.50,Power supply (can be used for a power supply project later),https://www.trendyol.com/hightek/24v-10a-metal-kasa-adaptor-led-driver-p-827938556?boutiqueId=61&merchantId=920162&storefrontId=1&countryCode=TR&language=tr&gads=true
CAP.FILM 22nF 300VAC 1kVDC,52,0.58,30.00,Capacitor bank for spark gap and loud arcs,ozdisan .pdf file
IRFP260N MOSFET DIS.50A 200V N-CH TO247AC HEXFET THT,4,0.92,3.68,Switching the voltage on and off at a high frequency,ozdisan .pdf file
UF5408 Ultra fast 3A 1000V diode,4,0.09,0.35,Protecting the pins and preventing back voltage,ozdisan .pdf file
1N4742A 12V 1A zener diode,5,0.03,0.16,Zener diode for gate pins,ozdisan .pdf file
1/4W 10k resistor,10,0.01,0.13,Resistor for gate pins,ozdisan .pdf file
2W 470 ohms resistor,5,0.04,0.19,Gate protecting,ozdisan .pdf file
1uF 310V PP capacitor,1,0.56,0.56,Frequency tuning - different values needed,ozdisan .pdf file
220nF 310V PP capacitor,1,0.18,0.18,Frequency tuning - different values needed,ozdisan .pdf file
470nF 310V PP capacitor,1,0.32,0.32,Frequency tuning - different values needed,ozdisan .pdf file
2W 2.2k resistor,8,0.07,0.52,Different value resistor for gate pin,ozdisan .pdf file
1/2W 200 ohm resistor,10,0.02,0.19,Different value resistor for gate pin,ozdisan .pdf file
CF199T2510C ferrite core,2,0.43,0.85,Ferrite core for voltage waving and high frequency,ozdisan .pdf file
HC-T03P TO-247 Isolator,10,0.06,0.61,For connecting 2 mosfets on the same cooler,ozdisan .pdf file
400W 15A DC-DC Step UP Module,1,6.02,6.02,Adjusting the input of the circuit (can be used for psu project),ozdisan .pdf file
Shipping Cost,1,5.00,5.00,Shipping cost for the items,N/A
TOTAL,110,-,65.26,Total estimated cost,N/A
